chr1	chunk1_start	chunk1_end	chr2	chunk2_start	chunk2_end	contactCount	p-value	q-value
10	0	1000000	10	1000000	2000000	5444	0.0	0.0
10	0	1000000	10	2000000	3000000	2822	0.0	0.0
10	1000000	2000000	10	2000000	3000000	8771	0.0	0.0
10	0	1000000	10	3000000	4000000	1324	0.0	0.0
10	1000000	2000000	10	3000000	4000000	2016	0.0	0.0
10	2000000	3000000	10	3000000	4000000	2681	0.0	0.0
10	0	1000000	10	4000000	5000000	314	1.506507999999999e-209	1.5340119999999993e-207
10	1000000	2000000	10	4000000	5000000	408	5.989475999999997e-247	6.938816999999996e-245
10	2000000	3000000	10	4000000	5000000	428	6.798602999999997e-159	5.594455999999998e-157
10	3000000	4000000	10	4000000	5000000	18854	0.0	0.0
10	0	1000000	10	5000000	6000000	487	0.0	0.0
10	1000000	2000000	10	5000000	6000000	456	0.0	0.0
10	2000000	3000000	10	5000000	6000000	452	2.9725499999999985e-284	3.8887819999999976e-282
10	3000000	4000000	10	5000000	6000000	4127	0.0	0.0
10	4000000	5000000	10	5000000	6000000	10336	0.0	0.0
10	0	1000000	10	6000000	7000000	923	0.0	0.0
10	1000000	2000000	10	6000000	7000000	884	0.0	0.0
10	2000000	3000000	10	6000000	7000000	1065	0.0	0.0
10	3000000	4000000	10	6000000	7000000	1402	0.0	0.0
10	4000000	5000000	10	6000000	7000000	1298	0.0	0.0
10	5000000	6000000	10	6000000	7000000	6054	0.0	0.0
10	0	1000000	10	7000000	8000000	887	0.0	0.0
10	1000000	2000000	10	7000000	8000000	870	0.0	0.0
10	2000000	3000000	10	7000000	8000000	1211	0.0	0.0
10	3000000	4000000	10	7000000	8000000	484	0.0	0.0
10	4000000	5000000	10	7000000	8000000	318	1.8683869999999998e-141	1.4101919999999997e-139
10	5000000	6000000	10	7000000	8000000	761	0.0	0.0
10	6000000	7000000	10	7000000	8000000	10016	0.0	0.0
10	0	1000000	10	8000000	9000000	489	0.0	0.0
10	1000000	2000000	10	8000000	9000000	468	0.0	0.0
10	2000000	3000000	10	8000000	9000000	549	0.0	0.0
10	3000000	4000000	10	8000000	9000000	789	0.0	0.0
10	4000000	5000000	10	8000000	9000000	625	0.0	0.0
10	5000000	6000000	10	8000000	9000000	1360	0.0	0.0
10	6000000	7000000	10	8000000	9000000	3602	0.0	0.0
10	7000000	8000000	10	8000000	9000000	8104	0.0	0.0
10	0	1000000	10	9000000	10000000	614	0.0	0.0
10	1000000	2000000	10	9000000	10000000	642	0.0	0.0
10	2000000	3000000	10	9000000	10000000	913	0.0	0.0
10	3000000	4000000	10	9000000	10000000	330	2.999955999999998e-265	3.688308999999998e-263
10	4000000	5000000	10	9000000	10000000	222	1.3022889999999995e-131	9.370322999999997e-130
10	5000000	6000000	10	9000000	10000000	471	0.0	0.0
10	6000000	7000000	10	9000000	10000000	2293	0.0	0.0
10	7000000	8000000	10	9000000	10000000	5850	0.0	0.0
10	8000000	9000000	10	9000000	10000000	8974	0.0	0.0
10	0	1000000	10	10000000	11000000	655	0.0	0.0
10	1000000	2000000	10	10000000	11000000	617	0.0	0.0
10	2000000	3000000	10	10000000	11000000	841	0.0	0.0
10	3000000	4000000	10	10000000	11000000	231	2.8726889999999995e-163	2.418880999999999e-161
10	4000000	5000000	10	10000000	11000000	167	2.9422149999999997e-91	1.6307309999999998e-89
10	5000000	6000000	10	10000000	11000000	327	1.915495999999999e-239	2.1665699999999992e-237
10	6000000	7000000	10	10000000	11000000	1296	0.0	0.0
10	7000000	8000000	10	10000000	11000000	2285	0.0	0.0
10	8000000	9000000	10	10000000	11000000	1705	0.0	0.0
10	9000000	10000000	10	10000000	11000000	6560	0.0	0.0
10	0	1000000	10	11000000	12000000	695	0.0	0.0
10	1000000	2000000	10	11000000	12000000	673	0.0	0.0
10	2000000	3000000	10	11000000	12000000	716	0.0	0.0
10	3000000	4000000	10	11000000	12000000	572	0.0	0.0
10	4000000	5000000	10	11000000	12000000	385	0.0	0.0
10	5000000	6000000	10	11000000	12000000	790	0.0	0.0
10	6000000	7000000	10	11000000	12000000	1986	0.0	0.0
10	7000000	8000000	10	11000000	12000000	2410	0.0	0.0
10	8000000	9000000	10	11000000	12000000	2379	0.0	0.0
10	9000000	10000000	10	11000000	12000000	5233	0.0	0.0
10	10000000	11000000	10	11000000	12000000	9190	0.0	0.0
10	0	1000000	10	12000000	13000000	586	0.0	0.0
10	1000000	2000000	10	12000000	13000000	479	0.0	0.0
10	2000000	3000000	10	12000000	13000000	506	0.0	0.0
10	3000000	4000000	10	12000000	13000000	573	0.0	0.0
10	4000000	5000000	10	12000000	13000000	442	0.0	0.0
10	5000000	6000000	10	12000000	13000000	811	0.0	0.0
10	6000000	7000000	10	12000000	13000000	1157	0.0	0.0
10	7000000	8000000	10	12000000	13000000	981	0.0	0.0
10	8000000	9000000	10	12000000	13000000	1054	0.0	0.0
10	9000000	10000000	10	12000000	13000000	1094	0.0	0.0
10	10000000	11000000	10	12000000	13000000	1576	0.0	0.0
10	11000000	12000000	10	12000000	13000000	6438	0.0	0.0
10	0	1000000	10	13000000	14000000	429	0.0	0.0
10	1000000	2000000	10	13000000	14000000	341	0.0	0.0
10	2000000	3000000	10	13000000	14000000	327	1.416688e-315	2.043615e-313
10	3000000	4000000	10	13000000	14000000	703	0.0	0.0
10	4000000	5000000	10	13000000	14000000	634	0.0	0.0
10	5000000	6000000	10	13000000	14000000	969	0.0	0.0
10	6000000	7000000	10	13000000	14000000	964	0.0	0.0
10	7000000	8000000	10	13000000	14000000	535	0.0	0.0
10	8000000	9000000	10	13000000	14000000	867	0.0	0.0
10	9000000	10000000	10	13000000	14000000	566	0.0	0.0
10	10000000	11000000	10	13000000	14000000	719	0.0	0.0
10	11000000	12000000	10	13000000	14000000	1853	0.0	0.0
10	12000000	13000000	10	13000000	14000000	9449	0.0	0.0
10	0	1000000	10	14000000	15000000	312	0.0	0.0
10	1000000	2000000	10	14000000	15000000	234	2.1837829999999995e-212	2.243735999999999e-210
10	2000000	3000000	10	14000000	15000000	224	7.518304999999996e-194	7.195493999999997e-192
10	3000000	4000000	10	14000000	15000000	517	0.0	0.0
10	4000000	5000000	10	14000000	15000000	481	0.0	0.0
10	5000000	6000000	10	14000000	15000000	705	0.0	0.0
10	6000000	7000000	10	14000000	15000000	632	0.0	0.0
10	7000000	8000000	10	14000000	15000000	344	2.4906729999999987e-287	3.296284999999998e-285
10	8000000	9000000	10	14000000	15000000	596	0.0	0.0
10	9000000	10000000	10	14000000	15000000	339	2.6524539999999988e-253	3.1414289999999985e-251
10	10000000	11000000	10	14000000	15000000	400	5.217203999999997e-282	6.751360999999997e-280
10	11000000	12000000	10	14000000	15000000	824	0.0	0.0
10	12000000	13000000	10	14000000	15000000	1520	0.0	0.0
10	13000000	14000000	10	14000000	15000000	13800	0.0	0.0
10	0	1000000	10	15000000	16000000	494	0.0	0.0
10	1000000	2000000	10	15000000	16000000	405	0.0	0.0
10	2000000	3000000	10	15000000	16000000	503	0.0	0.0
10	3000000	4000000	10	15000000	16000000	331	1.2059319999999994e-306	1.692576999999999e-304
10	4000000	5000000	10	15000000	16000000	233	1.3310869999999998e-177	1.1940449999999998e-175
10	5000000	6000000	10	15000000	16000000	346	7.912003999999996e-309	1.1144119999999994e-306
10	6000000	7000000	10	15000000	16000000	680	0.0	0.0
10	7000000	8000000	10	15000000	16000000	640	0.0	0.0
10	8000000	9000000	10	15000000	16000000	671	0.0	0.0
10	9000000	10000000	10	15000000	16000000	612	0.0	0.0
10	10000000	11000000	10	15000000	16000000	849	0.0	0.0
10	11000000	12000000	10	15000000	16000000	1084	0.0	0.0
10	12000000	13000000	10	15000000	16000000	1431	0.0	0.0
10	13000000	14000000	10	15000000	16000000	2516	0.0	0.0
10	14000000	15000000	10	15000000	16000000	7459	0.0	0.0
10	0	1000000	10	16000000	17000000	442	0.0	0.0
10	1000000	2000000	10	16000000	17000000	445	0.0	0.0
10	2000000	3000000	10	16000000	17000000	479	0.0	0.0
10	3000000	4000000	10	16000000	17000000	252	4.9854719999999974e-208	5.022961999999998e-206
10	4000000	5000000	10	16000000	17000000	147	2.4377849999999996e-91	1.3524039999999997e-89
10	5000000	6000000	10	16000000	17000000	229	1.7365179999999994e-172	1.5250899999999995e-170
10	6000000	7000000	10	16000000	17000000	546	0.0	0.0
10	7000000	8000000	10	16000000	17000000	537	0.0	0.0
10	8000000	9000000	10	16000000	17000000	482	0.0	0.0
10	9000000	10000000	10	16000000	17000000	629	0.0	0.0
10	10000000	11000000	10	16000000	17000000	786	0.0	0.0
10	11000000	12000000	10	16000000	17000000	868	0.0	0.0
10	12000000	13000000	10	16000000	17000000	857	0.0	0.0
10	13000000	14000000	10	16000000	17000000	990	0.0	0.0
10	14000000	15000000	10	16000000	17000000	1306	0.0	0.0
10	15000000	16000000	10	16000000	17000000	8673	0.0	0.0
10	0	1000000	10	17000000	18000000	278	1.299059e-313	1.862684e-311
10	1000000	2000000	10	17000000	18000000	230	1.878836999999999e-235	2.100243999999999e-233
10	2000000	3000000	10	17000000	18000000	252	2.5098369999999987e-259	3.0234869999999985e-257
10	3000000	4000000	10	17000000	18000000	363	0.0	0.0
10	4000000	5000000	10	17000000	18000000	289	6.316992999999998e-271	7.900639999999996e-269
10	5000000	6000000	10	17000000	18000000	377	0.0	0.0
10	6000000	7000000	10	17000000	18000000	517	0.0	0.0
10	7000000	8000000	10	17000000	18000000	317	1.1795819999999994e-302	1.636364999999999e-300
10	8000000	9000000	10	17000000	18000000	515	0.0	0.0
10	9000000	10000000	10	17000000	18000000	319	4.527837999999997e-305	6.325282999999997e-303
10	10000000	11000000	10	17000000	18000000	409	0.0	0.0
10	11000000	12000000	10	17000000	18000000	670	0.0	0.0
10	12000000	13000000	10	17000000	18000000	642	0.0	0.0
10	13000000	14000000	10	17000000	18000000	915	0.0	0.0
10	14000000	15000000	10	17000000	18000000	1190	0.0	0.0
10	15000000	16000000	10	17000000	18000000	3038	0.0	0.0
10	16000000	17000000	10	17000000	18000000	9952	0.0	0.0
10	0	1000000	10	18000000	19000000	285	0.0	0.0
10	1000000	2000000	10	18000000	19000000	253	1.6505369999999992e-297	2.256926999999999e-295
10	2000000	3000000	10	18000000	19000000	340	0.0	0.0
10	3000000	4000000	10	18000000	19000000	124	2.2569469999999998e-88	1.2250539999999998e-86
10	4000000	5000000	10	18000000	19000000	68	2.5016789999999997e-33	8.388664999999999e-32
10	5000000	6000000	10	18000000	19000000	101	2.2860719999999995e-62	9.930963999999998e-61
10	6000000	7000000	10	18000000	19000000	264	2.3401749999999986e-256	2.7979389999999987e-254
10	7000000	8000000	10	18000000	19000000	348	0.0	0.0
10	8000000	9000000	10	18000000	19000000	233	6.745559999999997e-201	6.604096999999997e-199
10	9000000	10000000	10	18000000	19000000	410	0.0	0.0
10	10000000	11000000	10	18000000	19000000	475	0.0	0.0
10	11000000	12000000	10	18000000	19000000	451	0.0	0.0
10	12000000	13000000	10	18000000	19000000	419	0.0	0.0
10	13000000	14000000	10	18000000	19000000	321	1.4213269999999993e-246	1.6418319999999993e-244
10	14000000	15000000	10	18000000	19000000	308	1.2190019999999995e-205	1.2133279999999995e-203
10	15000000	16000000	10	18000000	19000000	1519	0.0	0.0
10	16000000	17000000	10	18000000	19000000	2378	0.0	0.0
10	17000000	18000000	10	18000000	19000000	3017	0.0	0.0
10	0	1000000	10	19000000	20000000	263	3.741254999999998e-306	5.244848999999996e-304
10	1000000	2000000	10	19000000	20000000	220	2.381921999999999e-236	2.6701109999999986e-234
10	2000000	3000000	10	19000000	20000000	340	0.0	0.0
10	3000000	4000000	10	19000000	20000000	105	5.5369899999999995e-64	2.4453559999999993e-62
10	4000000	5000000	10	19000000	20000000	72	4.369333e-34	1.474861e-32
10	5000000	6000000	10	19000000	20000000	106	7.115688999999999e-63	3.1075269999999996e-61
10	6000000	7000000	10	19000000	20000000	258	2.4186229999999987e-235	2.6998499999999984e-233
10	7000000	8000000	10	19000000	20000000	363	0.0	0.0
10	8000000	9000000	10	19000000	20000000	210	1.1934379999999996e-165	1.0138409999999998e-163
10	9000000	10000000	10	19000000	20000000	385	0.0	0.0
10	10000000	11000000	10	19000000	20000000	408	0.0	0.0
10	11000000	12000000	10	19000000	20000000	369	0.0	0.0
10	12000000	13000000	10	19000000	20000000	323	6.240427999999998e-287	8.236089999999995e-285
10	13000000	14000000	10	19000000	20000000	264	2.9558219999999985e-186	2.761421999999999e-184
10	14000000	15000000	10	19000000	20000000	300	1.8915839999999988e-209	1.9244769999999992e-207
10	15000000	16000000	10	19000000	20000000	969	0.0	0.0
10	16000000	17000000	10	19000000	20000000	1359	0.0	0.0
10	17000000	18000000	10	19000000	20000000	1296	0.0	0.0
10	18000000	19000000	10	19000000	20000000	6465	0.0	0.0
10	0	1000000	10	20000000	21000000	278	8.03364e-318	1.168758e-315
10	1000000	2000000	10	20000000	21000000	252	5.766549999999997e-268	7.152288999999996e-266
10	2000000	3000000	10	20000000	21000000	272	2.3837279999999986e-292	3.206261999999998e-290
10	3000000	4000000	10	20000000	21000000	219	5.628315999999999e-184	5.2032089999999994e-182
10	4000000	5000000	10	20000000	21000000	134	5.267811999999999e-87	2.8322999999999996e-85
10	5000000	6000000	10	20000000	21000000	232	3.091175999999998e-196	2.977537999999999e-194
10	6000000	7000000	10	20000000	21000000	402	0.0	0.0
10	7000000	8000000	10	20000000	21000000	303	1.448550999999999e-296	1.9762089999999986e-294
10	8000000	9000000	10	20000000	21000000	355	0.0	0.0
10	9000000	10000000	10	20000000	21000000	344	0.0	0.0
10	10000000	11000000	10	20000000	21000000	396	0.0	0.0
10	11000000	12000000	10	20000000	21000000	421	0.0	0.0
10	12000000	13000000	10	20000000	21000000	379	0.0	0.0
10	13000000	14000000	10	20000000	21000000	440	0.0	0.0
10	14000000	15000000	10	20000000	21000000	475	0.0	0.0
10	15000000	16000000	10	20000000	21000000	1008	0.0	0.0
10	16000000	17000000	10	20000000	21000000	1181	0.0	0.0
10	17000000	18000000	10	20000000	21000000	1434	0.0	0.0
10	18000000	19000000	10	20000000	21000000	2858	0.0	0.0
10	19000000	20000000	10	20000000	21000000	9168	0.0	0.0
10	0	1000000	10	21000000	22000000	228	7.954782999999996e-234	8.834320999999996e-232
10	1000000	2000000	10	21000000	22000000	193	6.351297999999999e-181	5.7842809999999984e-179
10	2000000	3000000	10	21000000	22000000	244	1.5498189999999994e-241	1.7638179999999993e-239
10	3000000	4000000	10	21000000	22000000	312	6.598731999999997e-298	9.043745999999996e-296
10	4000000	5000000	10	21000000	22000000	223	1.2035359999999996e-182	1.1049359999999998e-180
10	5000000	6000000	10	21000000	22000000	313	5.528781999999997e-294	7.478663999999995e-292
10	6000000	7000000	10	21000000	22000000	366	0.0	0.0
10	7000000	8000000	10	21000000	22000000	250	1.5022519999999997e-217	1.5712019999999994e-215
10	8000000	9000000	10	21000000	22000000	387	0.0	0.0
10	9000000	10000000	10	21000000	22000000	267	4.0834469999999985e-245	4.694253999999998e-243
10	10000000	11000000	10	21000000	22000000	314	1.0862439999999993e-293	1.4668469999999992e-291
10	11000000	12000000	10	21000000	22000000	390	0.0	0.0
10	12000000	13000000	10	21000000	22000000	399	0.0	0.0
10	13000000	14000000	10	21000000	22000000	522	0.0	0.0
10	14000000	15000000	10	21000000	22000000	548	0.0	0.0
10	15000000	16000000	10	21000000	22000000	841	0.0	0.0
10	16000000	17000000	10	21000000	22000000	987	0.0	0.0
10	17000000	18000000	10	21000000	22000000	1456	0.0	0.0
10	18000000	19000000	10	21000000	22000000	2215	0.0	0.0
10	19000000	20000000	10	21000000	22000000	4948	0.0	0.0
10	20000000	21000000	10	21000000	22000000	8504	0.0	0.0
10	0	1000000	10	22000000	23000000	227	7.452049999999997e-242	8.489118999999997e-240
10	1000000	2000000	10	22000000	23000000	177	8.168284999999997e-166	6.944000999999997e-164
10	2000000	3000000	10	22000000	23000000	228	1.6966749999999992e-231	1.861767999999999e-229
10	3000000	4000000	10	22000000	23000000	281	1.0351549999999993e-264	1.2694099999999993e-262
10	4000000	5000000	10	22000000	23000000	225	3.012136999999999e-194	2.8839619999999988e-192
10	5000000	6000000	10	22000000	23000000	301	5.527587999999997e-290	7.364454999999997e-288
10	6000000	7000000	10	22000000	23000000	349	0.0	0.0
10	7000000	8000000	10	22000000	23000000	239	5.484467999999998e-214	5.688866999999997e-212
10	8000000	9000000	10	22000000	23000000	324	1.690784999999999e-303	2.3496209999999982e-301
10	9000000	10000000	10	22000000	23000000	233	3.7062619999999983e-209	3.762698999999998e-207
10	10000000	11000000	10	22000000	23000000	289	3.4776049999999983e-279	4.468750999999998e-277
10	11000000	12000000	10	22000000	23000000	391	0.0	0.0
10	12000000	13000000	10	22000000	23000000	409	0.0	0.0
10	13000000	14000000	10	22000000	23000000	532	0.0	0.0
10	14000000	15000000	10	22000000	23000000	545	0.0	0.0
10	15000000	16000000	10	22000000	23000000	720	0.0	0.0
10	16000000	17000000	10	22000000	23000000	722	0.0	0.0
10	17000000	18000000	10	22000000	23000000	951	0.0	0.0
10	18000000	19000000	10	22000000	23000000	982	0.0	0.0
10	19000000	20000000	10	22000000	23000000	1552	0.0	0.0
10	20000000	21000000	10	22000000	23000000	2254	0.0	0.0
10	21000000	22000000	10	22000000	23000000	11868	0.0	0.0
10	0	1000000	10	23000000	24000000	263	4.728122999999997e-301	6.536273999999996e-299
10	1000000	2000000	10	23000000	24000000	228	4.458482999999998e-240	5.059646999999997e-238
10	2000000	3000000	10	23000000	24000000	285	2.576878e-317	3.746637e-315
10	3000000	4000000	10	23000000	24000000	233	1.6086149999999992e-207	1.6173019999999995e-205
10	4000000	5000000	10	23000000	24000000	182	4.623320999999999e-142	3.4983619999999995e-140
10	5000000	6000000	10	23000000	24000000	240	2.8743949999999987e-212	2.9520379999999986e-210
10	6000000	7000000	10	23000000	24000000	419	0.0	0.0
10	7000000	8000000	10	23000000	24000000	333	0.0	0.0
10	8000000	9000000	10	23000000	24000000	319	1.0388379999999993e-301	1.437779999999999e-299
10	9000000	10000000	10	23000000	24000000	312	1.0183e-320	1.48593e-318
10	10000000	11000000	10	23000000	24000000	389	0.0	0.0
10	11000000	12000000	10	23000000	24000000	461	0.0	0.0
10	12000000	13000000	10	23000000	24000000	411	0.0	0.0
10	13000000	14000000	10	23000000	24000000	418	0.0	0.0
10	14000000	15000000	10	23000000	24000000	497	0.0	0.0
10	15000000	16000000	10	23000000	24000000	814	0.0	0.0
10	16000000	17000000	10	23000000	24000000	880	0.0	0.0
10	17000000	18000000	10	23000000	24000000	835	0.0	0.0
10	18000000	19000000	10	23000000	24000000	997	0.0	0.0
10	19000000	20000000	10	23000000	24000000	1475	0.0	0.0
10	20000000	21000000	10	23000000	24000000	1802	0.0	0.0
10	21000000	22000000	10	23000000	24000000	4400	0.0	0.0
10	22000000	23000000	10	23000000	24000000	13233	0.0	0.0
10	0	1000000	10	24000000	25000000	321	0.0	0.0
10	1000000	2000000	10	24000000	25000000	290	0.0	0.0
10	2000000	3000000	10	24000000	25000000	344	0.0	0.0
10	3000000	4000000	10	24000000	25000000	366	0.0	0.0
10	4000000	5000000	10	24000000	25000000	232	8.615505999999996e-204	8.511570999999997e-202
10	5000000	6000000	10	24000000	25000000	345	0.0	0.0
10	6000000	7000000	10	24000000	25000000	543	0.0	0.0
10	7000000	8000000	10	24000000	25000000	387	0.0	0.0
10	8000000	9000000	10	24000000	25000000	491	0.0	0.0
10	9000000	10000000	10	24000000	25000000	364	0.0	0.0
10	10000000	11000000	10	24000000	25000000	467	0.0	0.0
10	11000000	12000000	10	24000000	25000000	570	0.0	0.0
10	12000000	13000000	10	24000000	25000000	527	0.0	0.0
10	13000000	14000000	10	24000000	25000000	581	0.0	0.0
10	14000000	15000000	10	24000000	25000000	596	0.0	0.0
10	15000000	16000000	10	24000000	25000000	922	0.0	0.0
10	16000000	17000000	10	24000000	25000000	894	0.0	0.0
10	17000000	18000000	10	24000000	25000000	940	0.0	0.0
10	18000000	19000000	10	24000000	25000000	766	0.0	0.0
10	19000000	20000000	10	24000000	25000000	925	0.0	0.0
10	20000000	21000000	10	24000000	25000000	1216	0.0	0.0
10	21000000	22000000	10	24000000	25000000	1725	0.0	0.0
10	22000000	23000000	10	24000000	25000000	2193	0.0	0.0
10	23000000	24000000	10	24000000	25000000	8975	0.0	0.0
10	0	1000000	10	25000000	26000000	346	0.0	0.0
10	1000000	2000000	10	25000000	26000000	308	0.0	0.0
10	2000000	3000000	10	25000000	26000000	399	0.0	0.0
10	3000000	4000000	10	25000000	26000000	287	8.557531999999996e-292	1.1478099999999993e-289
10	4000000	5000000	10	25000000	26000000	206	1.2002829999999998e-181	1.0964709999999996e-179
10	5000000	6000000	10	25000000	26000000	290	7.979495999999995e-293	1.0751079999999993e-290
10	6000000	7000000	10	25000000	26000000	501	0.0	0.0
10	7000000	8000000	10	25000000	26000000	412	0.0	0.0
10	8000000	9000000	10	25000000	26000000	451	0.0	0.0
10	9000000	10000000	10	25000000	26000000	394	0.0	0.0
10	10000000	11000000	10	25000000	26000000	489	0.0	0.0
10	11000000	12000000	10	25000000	26000000	570	0.0	0.0
10	12000000	13000000	10	25000000	26000000	519	0.0	0.0
10	13000000	14000000	10	25000000	26000000	469	0.0	0.0
10	14000000	15000000	10	25000000	26000000	477	0.0	0.0
10	15000000	16000000	10	25000000	26000000	799	0.0	0.0
10	16000000	17000000	10	25000000	26000000	927	0.0	0.0
10	17000000	18000000	10	25000000	26000000	792	0.0	0.0
10	18000000	19000000	10	25000000	26000000	791	0.0	0.0
10	19000000	20000000	10	25000000	26000000	845	0.0	0.0
10	20000000	21000000	10	25000000	26000000	985	0.0	0.0
10	21000000	22000000	10	25000000	26000000	1145	0.0	0.0
10	22000000	23000000	10	25000000	26000000	1294	0.0	0.0
10	23000000	24000000	10	25000000	26000000	2799	0.0	0.0
10	24000000	25000000	10	25000000	26000000	10073	0.0	0.0
10	0	1000000	10	26000000	27000000	396	0.0	0.0
10	1000000	2000000	10	26000000	27000000	400	0.0	0.0
10	2000000	3000000	10	26000000	27000000	452	0.0	0.0
10	3000000	4000000	10	26000000	27000000	117	2.74055e-90	1.5081099999999996e-88
10	4000000	5000000	10	26000000	27000000	71	3.875458e-41	1.3865219999999999e-39
10	5000000	6000000	10	26000000	27000000	99	7.752722999999998e-68	3.522909999999999e-66
10	6000000	7000000	10	26000000	27000000	290	3.594736e-316	5.20122e-314
10	7000000	8000000	10	26000000	27000000	463	0.0	0.0
10	8000000	9000000	10	26000000	27000000	270	1.0655169999999995e-279	1.3721499999999994e-277
10	9000000	10000000	10	26000000	27000000	470	0.0	0.0
10	10000000	11000000	10	26000000	27000000	512	0.0	0.0
10	11000000	12000000	10	26000000	27000000	453	0.0	0.0
10	12000000	13000000	10	26000000	27000000	406	0.0	0.0
10	13000000	14000000	10	26000000	27000000	269	5.377672999999998e-252	6.337614999999997e-250
10	14000000	15000000	10	26000000	27000000	256	6.466274999999996e-236	7.245229999999997e-234
10	15000000	16000000	10	26000000	27000000	691	0.0	0.0
10	16000000	17000000	10	26000000	27000000	885	0.0	0.0
10	17000000	18000000	10	26000000	27000000	413	0.0	0.0
10	18000000	19000000	10	26000000	27000000	778	0.0	0.0
10	19000000	20000000	10	26000000	27000000	832	0.0	0.0
10	20000000	21000000	10	26000000	27000000	652	0.0	0.0
10	21000000	22000000	10	26000000	27000000	625	0.0	0.0
10	22000000	23000000	10	26000000	27000000	700	0.0	0.0
10	23000000	24000000	10	26000000	27000000	1215	0.0	0.0
10	24000000	25000000	10	26000000	27000000	1857	0.0	0.0
10	25000000	26000000	10	26000000	27000000	5021	0.0	0.0
10	0	1000000	10	27000000	28000000	319	0.0	0.0
10	1000000	2000000	10	27000000	28000000	270	5e-324	7.26e-322
10	2000000	3000000	10	27000000	28000000	275	9e-323	1.302e-320
10	3000000	4000000	10	27000000	28000000	343	0.0	0.0
10	4000000	5000000	10	27000000	28000000	273	3.014491999999999e-279	3.8757309999999974e-277
10	5000000	6000000	10	27000000	28000000	330	0.0	0.0
10	6000000	7000000	10	27000000	28000000	460	0.0	0.0
10	7000000	8000000	10	27000000	28000000	294	2.30701e-312	3.296086e-310
10	8000000	9000000	10	27000000	28000000	455	0.0	0.0
10	9000000	10000000	10	27000000	28000000	249	8.499859999999995e-251	9.972848999999996e-249
10	10000000	11000000	10	27000000	28000000	296	1.510493e-311	2.152930999999997e-309
10	11000000	12000000	10	27000000	28000000	488	0.0	0.0
10	12000000	13000000	10	27000000	28000000	471	0.0	0.0
10	13000000	14000000	10	27000000	28000000	540	0.0	0.0
10	14000000	15000000	10	27000000	28000000	495	0.0	0.0
10	15000000	16000000	10	27000000	28000000	623	0.0	0.0
10	16000000	17000000	10	27000000	28000000	547	0.0	0.0
10	17000000	18000000	10	27000000	28000000	589	0.0	0.0
10	18000000	19000000	10	27000000	28000000	337	0.0	0.0
10	19000000	20000000	10	27000000	28000000	345	4.4e-323	6.51e-321
10	20000000	21000000	10	27000000	28000000	532	0.0	0.0
10	21000000	22000000	10	27000000	28000000	649	0.0	0.0
10	22000000	23000000	10	27000000	28000000	739	0.0	0.0
10	23000000	24000000	10	27000000	28000000	880	0.0	0.0
10	24000000	25000000	10	27000000	28000000	1483	0.0	0.0
10	25000000	26000000	10	27000000	28000000	1948	0.0	0.0
10	26000000	27000000	10	27000000	28000000	5068	0.0	0.0
10	0	1000000	10	28000000	29000000	261	8.241174e-316	1.190972e-313
10	1000000	2000000	10	28000000	29000000	192	8.107181999999996e-206	8.076179999999997e-204
10	2000000	3000000	10	28000000	29000000	229	3.949210999999998e-254	4.686534999999997e-252
10	3000000	4000000	10	28000000	29000000	249	2.5170579999999987e-247	2.9216829999999986e-245
10	4000000	5000000	10	28000000	29000000	182	1.3877619999999996e-156	1.1306709999999996e-154
10	5000000	6000000	10	28000000	29000000	280	1.0251939999999994e-286	1.3508069999999994e-284
10	6000000	7000000	10	28000000	29000000	324	0.0	0.0
10	7000000	8000000	10	28000000	29000000	268	5.126984999999997e-275	6.5180919999999964e-273
10	8000000	9000000	10	28000000	29000000	320	0.0	0.0
10	9000000	10000000	10	28000000	29000000	202	9.596660999999996e-186	8.937540999999997e-184
10	10000000	11000000	10	28000000	29000000	269	6.465442999999997e-275	8.206612999999998e-273
10	11000000	12000000	10	28000000	29000000	311	2.7426049999999983e-308	3.858430999999997e-306
10	12000000	13000000	10	28000000	29000000	391	0.0	0.0
10	13000000	14000000	10	28000000	29000000	453	0.0	0.0
10	14000000	15000000	10	28000000	29000000	453	0.0	0.0
10	15000000	16000000	10	28000000	29000000	501	0.0	0.0
10	16000000	17000000	10	28000000	29000000	425	0.0	0.0
10	17000000	18000000	10	28000000	29000000	366	0.0	0.0
10	18000000	19000000	10	28000000	29000000	260	5.0611399999999975e-239	5.719112999999998e-237
10	19000000	20000000	10	28000000	29000000	320	1.0676649999999992e-293	1.4425739999999989e-291
10	20000000	21000000	10	28000000	29000000	405	0.0	0.0
10	21000000	22000000	10	28000000	29000000	406	0.0	0.0
10	22000000	23000000	10	28000000	29000000	473	0.0	0.0
10	23000000	24000000	10	28000000	29000000	617	0.0	0.0
10	24000000	25000000	10	28000000	29000000	872	0.0	0.0
10	25000000	26000000	10	28000000	29000000	1080	0.0	0.0
10	26000000	27000000	10	28000000	29000000	1941	0.0	0.0
10	27000000	28000000	10	28000000	29000000	11435	0.0	0.0
10	0	1000000	10	29000000	30000000	194	1.7947659999999992e-211	1.8408719999999993e-209
10	1000000	2000000	10	29000000	30000000	157	7.492111999999997e-156	6.079273999999998e-154
10	2000000	3000000	10	29000000	30000000	167	1.9893459999999993e-167	1.7039119999999994e-165
10	3000000	4000000	10	29000000	30000000	328	0.0	0.0
10	4000000	5000000	10	29000000	30000000	303	0.0	0.0
10	5000000	6000000	10	29000000	30000000	324	0.0	0.0
10	6000000	7000000	10	29000000	30000000	310	0.0	0.0
10	7000000	8000000	10	29000000	30000000	199	8.136309999999998e-184	7.518862999999997e-182
10	8000000	9000000	10	29000000	30000000	289	1.2035089999999992e-287	1.5945519999999993e-285
10	9000000	10000000	10	29000000	30000000	170	1.1782529999999997e-149	9.255656999999999e-148
10	10000000	11000000	10	29000000	30000000	205	2.4953439999999988e-188	2.3486809999999992e-186
10	11000000	12000000	10	29000000	30000000	289	3.238714999999998e-283	4.213910999999998e-281
10	12000000	13000000	10	29000000	30000000	371	0.0	0.0
10	13000000	14000000	10	29000000	30000000	548	0.0	0.0
10	14000000	15000000	10	29000000	30000000	488	0.0	0.0
10	15000000	16000000	10	29000000	30000000	395	0.0	0.0
10	16000000	17000000	10	29000000	30000000	339	0.0	0.0
10	17000000	18000000	10	29000000	30000000	337	0.0	0.0
10	18000000	19000000	10	29000000	30000000	192	1.0386739999999997e-158	8.535315999999997e-157
10	19000000	20000000	10	29000000	30000000	186	8.878820999999998e-136	6.526151999999998e-134
10	20000000	21000000	10	29000000	30000000	311	7.967419999999995e-261	9.671144999999996e-259
10	21000000	22000000	10	29000000	30000000	348	1.2976699999999991e-285	1.7051219999999992e-283
10	22000000	23000000	10	29000000	30000000	404	0.0	0.0
10	23000000	24000000	10	29000000	30000000	500	0.0	0.0
10	24000000	25000000	10	29000000	30000000	663	0.0	0.0
10	25000000	26000000	10	29000000	30000000	718	0.0	0.0
10	26000000	27000000	10	29000000	30000000	843	0.0	0.0
10	27000000	28000000	10	29000000	30000000	2035	0.0	0.0
10	28000000	29000000	10	29000000	30000000	9813	0.0	0.0
10	0	1000000	10	30000000	31000000	139	1.6284419999999996e-130	1.1660889999999997e-128
10	1000000	2000000	10	30000000	31000000	99	1.520893e-78	7.603924999999998e-77
10	2000000	3000000	10	30000000	31000000	97	9.049671999999997e-75	4.385906e-73
10	3000000	4000000	10	30000000	31000000	361	0.0	0.0
10	4000000	5000000	10	30000000	31000000	316	0.0	0.0
10	5000000	6000000	10	30000000	31000000	418	0.0	0.0
10	6000000	7000000	10	30000000	31000000	301	2.670373e-311	3.799326e-309
10	7000000	8000000	10	30000000	31000000	130	1.0468559999999998e-98	6.126310999999998e-97
10	8000000	9000000	10	30000000	31000000	266	1.449887999999999e-255	1.729174999999999e-253
10	9000000	10000000	10	30000000	31000000	97	1.5430709999999998e-63	6.790959999999999e-62
10	10000000	11000000	10	30000000	31000000	126	7.710063999999998e-93	4.3326349999999996e-91
10	11000000	12000000	10	30000000	31000000	234	1.9315089999999993e-206	1.927336999999999e-204
10	12000000	13000000	10	30000000	31000000	326	0.0	0.0
10	13000000	14000000	10	30000000	31000000	515	0.0	0.0
10	14000000	15000000	10	30000000	31000000	484	0.0	0.0
10	15000000	16000000	10	30000000	31000000	276	1.0672829999999992e-248	1.2430799999999997e-246
10	16000000	17000000	10	30000000	31000000	231	2.574605999999999e-187	2.412826999999999e-185
10	17000000	18000000	10	30000000	31000000	286	3.9297989999999974e-264	4.8092329999999974e-262
10	18000000	19000000	10	30000000	31000000	105	1.283437e-64	5.700841999999999e-63
10	19000000	20000000	10	30000000	31000000	131	2.6298079999999995e-79	1.322561e-77
10	20000000	21000000	10	30000000	31000000	213	8.796549e-149	6.860417999999999e-147
10	21000000	22000000	10	30000000	31000000	328	2.841915999999998e-262	3.463701999999998e-260
10	22000000	23000000	10	30000000	31000000	343	2.3381829999999987e-282	3.0323139999999983e-280
10	23000000	24000000	10	30000000	31000000	323	1.852015999999999e-246	2.1383049999999986e-244
10	24000000	25000000	10	30000000	31000000	521	0.0	0.0
10	25000000	26000000	10	30000000	31000000	495	0.0	0.0
10	26000000	27000000	10	30000000	31000000	341	1.3432509999999995e-227	1.4493209999999992e-225
10	27000000	28000000	10	30000000	31000000	1060	0.0	0.0
10	28000000	29000000	10	30000000	31000000	1757	0.0	0.0
10	29000000	30000000	10	30000000	31000000	9472	0.0	0.0
10	0	1000000	10	31000000	32000000	183	2.6603569999999985e-208	2.684892999999999e-206
10	1000000	2000000	10	31000000	32000000	142	8.097811999999998e-139	6.048872999999998e-137
10	2000000	3000000	10	31000000	32000000	154	4.063361999999999e-153	3.244211999999999e-151
10	3000000	4000000	10	31000000	32000000	167	1.0063169999999999e-149	7.907634999999998e-148
10	4000000	5000000	10	31000000	32000000	161	1.5180069999999995e-144	1.1630079999999996e-142
10	5000000	6000000	10	31000000	32000000	205	9.949755999999995e-200	9.689471999999995e-198
10	6000000	7000000	10	31000000	32000000	187	5.0372759999999973e-169	4.3347249999999986e-167
10	7000000	8000000	10	31000000	32000000	157	1.2021779999999996e-138	8.963166999999996e-137
10	8000000	9000000	10	31000000	32000000	189	3.2803339999999995e-167	2.8026319999999993e-165
10	9000000	10000000	10	31000000	32000000	142	8.170113999999998e-122	5.5524929999999984e-120
10	10000000	11000000	10	31000000	32000000	158	2.9573059999999995e-138	2.1980399999999994e-136
10	11000000	12000000	10	31000000	32000000	198	6.853035999999998e-175	6.0812549999999986e-173
10	12000000	13000000	10	31000000	32000000	272	1.597296999999999e-269	1.9904379999999986e-267
10	13000000	14000000	10	31000000	32000000	314	1.718688e-312	2.457004e-310
10	14000000	15000000	10	31000000	32000000	273	1.1090069999999994e-255	1.3232909999999994e-253
10	15000000	16000000	10	31000000	32000000	286	2.1516969999999988e-278	2.7530999999999986e-276
10	16000000	17000000	10	31000000	32000000	261	7.390406999999997e-240	8.374964999999995e-238
10	17000000	18000000	10	31000000	32000000	188	3.2228439999999986e-152	2.564565999999999e-150
10	18000000	19000000	10	31000000	32000000	137	6.901835999999997e-105	4.210242999999999e-103
10	19000000	20000000	10	31000000	32000000	185	5.276879999999999e-151	4.169886999999999e-149
10	20000000	21000000	10	31000000	32000000	201	4.888785999999999e-149	3.8189919999999993e-147
10	21000000	22000000	10	31000000	32000000	221	8.643104999999997e-157	7.046725999999998e-155
10	22000000	23000000	10	31000000	32000000	281	1.4163059999999993e-225	1.5144649999999994e-223
10	23000000	24000000	10	31000000	32000000	300	4.555476999999997e-242	5.191917999999998e-240
10	24000000	25000000	10	31000000	32000000	421	0.0	0.0
10	25000000	26000000	10	31000000	32000000	455	0.0	0.0
10	26000000	27000000	10	31000000	32000000	570	0.0	0.0
10	27000000	28000000	10	31000000	32000000	736	0.0	0.0
10	28000000	29000000	10	31000000	32000000	1067	0.0	0.0
10	29000000	30000000	10	31000000	32000000	1722	0.0	0.0
10	30000000	31000000	10	31000000	32000000	6056	0.0	0.0
10	0	1000000	10	32000000	33000000	135	3.474515999999999e-139	2.601074999999999e-137
10	1000000	2000000	10	32000000	33000000	118	6.2277609999999986e-111	3.9608789999999993e-109
10	2000000	3000000	10	32000000	33000000	120	2.3825039999999997e-106	1.4725479999999996e-104
10	3000000	4000000	10	32000000	33000000	281	6.320984999999996e-309	8.908411999999994e-307
10	4000000	5000000	10	32000000	33000000	317	0.0	0.0
10	5000000	6000000	10	32000000	33000000	331	0.0	0.0
10	6000000	7000000	10	32000000	33000000	249	1.8231279999999988e-256	2.180841999999999e-254
10	7000000	8000000	10	32000000	33000000	125	9.927948999999998e-101	5.8980809999999975e-99
10	8000000	9000000	10	32000000	33000000	259	2.9521009999999987e-262	3.596158999999998e-260
10	9000000	10000000	10	32000000	33000000	141	2.997206999999999e-122	2.0439099999999995e-120
10	10000000	11000000	10	32000000	33000000	140	9.540927999999997e-117	6.273507999999999e-115
10	11000000	12000000	10	32000000	33000000	201	9.330761999999997e-179	8.411170999999998e-177
10	12000000	13000000	10	32000000	33000000	301	2.120493e-316	3.073724e-314
10	13000000	14000000	10	32000000	33000000	364	0.0	0.0
10	14000000	15000000	10	32000000	33000000	385	0.0	0.0
10	15000000	16000000	10	32000000	33000000	251	2.0196109999999995e-232	2.225325999999999e-230
10	16000000	17000000	10	32000000	33000000	220	1.1432859999999996e-188	1.0773639999999996e-186
10	17000000	18000000	10	32000000	33000000	306	7.009726e-311	9.955435999999994e-309
10	18000000	19000000	10	32000000	33000000	125	7.317992999999997e-92	4.074927999999999e-90
10	19000000	20000000	10	32000000	33000000	151	2.7435919999999997e-111	1.7509949999999996e-109
10	20000000	21000000	10	32000000	33000000	188	5.616133999999998e-140	4.213564999999999e-138
10	21000000	22000000	10	32000000	33000000	287	2.7387259999999983e-238	3.087470999999998e-236
10	22000000	23000000	10	32000000	33000000	305	3.419178999999998e-260	4.1356139999999975e-258
10	23000000	24000000	10	32000000	33000000	308	6.993190999999996e-255	8.311215999999996e-253
10	24000000	25000000	10	32000000	33000000	469	0.0	0.0
10	25000000	26000000	10	32000000	33000000	459	0.0	0.0
10	26000000	27000000	10	32000000	33000000	367	0.0	0.0
10	27000000	28000000	10	32000000	33000000	896	0.0	0.0
10	28000000	29000000	10	32000000	33000000	889	0.0	0.0
10	29000000	30000000	10	32000000	33000000	1280	0.0	0.0
10	30000000	31000000	10	32000000	33000000	3819	0.0	0.0
10	31000000	32000000	10	32000000	33000000	9121	0.0	0.0
10	0	1000000	10	33000000	34000000	95	6.015343999999999e-81	3.074376e-79
10	1000000	2000000	10	33000000	34000000	105	6.537169999999998e-90	3.5882779999999997e-88
10	2000000	3000000	10	33000000	34000000	81	4.733661999999999e-58	1.977945e-56
10	3000000	4000000	10	33000000	34000000	453	0.0	0.0
10	4000000	5000000	10	33000000	34000000	435	0.0	0.0
10	5000000	6000000	10	33000000	34000000	492	0.0	0.0
10	6000000	7000000	10	33000000	34000000	253	6.760045999999996e-251	7.935429999999996e-249
10	7000000	8000000	10	33000000	34000000	113	1.0140369999999996e-81	5.225109999999999e-80
10	8000000	9000000	10	33000000	34000000	279	2.241389999999999e-279	2.8833069999999983e-277
10	9000000	10000000	10	33000000	34000000	92	9.649189999999997e-60	4.0854799999999994e-58
10	10000000	11000000	10	33000000	34000000	104	1.7448629999999998e-70	8.121944999999998e-69
10	11000000	12000000	10	33000000	34000000	199	8.059261999999997e-167	6.873332999999999e-165
10	12000000	13000000	10	33000000	34000000	300	1.815865999999999e-298	2.494419999999998e-296
10	13000000	14000000	10	33000000	34000000	479	0.0	0.0
10	14000000	15000000	10	33000000	34000000	485	0.0	0.0
10	15000000	16000000	10	33000000	34000000	235	2.9229669999999987e-200	2.851151999999999e-198
10	16000000	17000000	10	33000000	34000000	169	2.685445999999999e-119	1.7964369999999997e-117
10	17000000	18000000	10	33000000	34000000	272	1.848192999999999e-250	2.1652869999999987e-248
10	18000000	19000000	10	33000000	34000000	111	9.680024999999998e-72	4.569044999999999e-70
10	19000000	20000000	10	33000000	34000000	87	2.890137e-42	1.044169e-40
10	20000000	21000000	10	33000000	34000000	175	2.3327309999999996e-116	1.5292249999999996e-114
10	21000000	22000000	10	33000000	34000000	281	3.145684999999998e-224	3.348710999999999e-222
10	22000000	23000000	10	33000000	34000000	263	2.7136879999999983e-199	2.6373229999999985e-197
10	23000000	24000000	10	33000000	34000000	271	1.0693039999999995e-200	1.0451659999999994e-198
10	24000000	25000000	10	33000000	34000000	405	0.0	0.0
10	25000000	26000000	10	33000000	34000000	350	1.796527999999999e-284	2.3515619999999986e-282
10	26000000	27000000	10	33000000	34000000	178	6.3071049999999994e-108	3.934865999999999e-106
10	27000000	28000000	10	33000000	34000000	632	0.0	0.0
10	28000000	29000000	10	33000000	34000000	613	0.0	0.0
10	29000000	30000000	10	33000000	34000000	798	0.0	0.0
10	30000000	31000000	10	33000000	34000000	1674	0.0	0.0
10	31000000	32000000	10	33000000	34000000	1517	0.0	0.0
10	32000000	33000000	10	33000000	34000000	7317	0.0	0.0
10	0	1000000	10	34000000	35000000	105	1.363121e-97	7.907389999999998e-96
10	1000000	2000000	10	34000000	35000000	65	6.334516e-46	2.374405e-44
10	2000000	3000000	10	34000000	35000000	66	1.5959249999999998e-44	5.904278e-43
10	3000000	4000000	10	34000000	35000000	376	0.0	0.0
10	4000000	5000000	10	34000000	35000000	393	0.0	0.0
10	5000000	6000000	10	34000000	35000000	433	0.0	0.0
10	6000000	7000000	10	34000000	35000000	218	3.585818999999999e-205	3.5646739999999987e-203
10	7000000	8000000	10	34000000	35000000	78	9.931995999999998e-48	3.782821e-46
10	8000000	9000000	10	34000000	35000000	229	1.651973999999999e-217	1.727039999999999e-215
10	9000000	10000000	10	34000000	35000000	84	2.861738e-54	1.156718e-52
10	10000000	11000000	10	34000000	35000000	61	1.244684e-30	4.0808909999999996e-29
10	11000000	12000000	10	34000000	35000000	182	1.0252659999999998e-151	8.128731999999997e-150
10	12000000	13000000	10	34000000	35000000	277	8.092421999999996e-274	1.0249959999999995e-271
10	13000000	14000000	10	34000000	35000000	476	0.0	0.0
10	14000000	15000000	10	34000000	35000000	465	0.0	0.0
10	15000000	16000000	10	34000000	35000000	216	6.2625939999999984e-180	5.675368999999998e-178
10	16000000	17000000	10	34000000	35000000	168	1.9175419999999995e-122	1.3083919999999996e-120
10	17000000	18000000	10	34000000	35000000	242	2.127088999999999e-217	2.222769999999999e-215
10	18000000	19000000	10	34000000	35000000	63	1.895836e-29	6.158321e-28
10	19000000	20000000	10	34000000	35000000	80	1.4664909999999999e-38	5.127630999999999e-37
10	20000000	21000000	10	34000000	35000000	150	2.3088709999999995e-94	1.3107179999999997e-92
10	21000000	22000000	10	34000000	35000000	255	1.4386549999999992e-198	1.3936339999999996e-196
10	22000000	23000000	10	34000000	35000000	281	5.844270999999996e-234	6.496495999999997e-232
10	23000000	24000000	10	34000000	35000000	201	1.4802089999999994e-132	1.0705319999999999e-130
10	24000000	25000000	10	34000000	35000000	320	5.721713999999997e-253	6.763087999999997e-251
10	25000000	26000000	10	34000000	35000000	296	2.6875859999999987e-229	2.9222509999999987e-227
10	26000000	27000000	10	34000000	35000000	137	2.8324449999999993e-75	1.3772089999999995e-73
10	27000000	28000000	10	34000000	35000000	503	0.0	0.0
10	28000000	29000000	10	34000000	35000000	451	0.0	0.0
10	29000000	30000000	10	34000000	35000000	662	0.0	0.0
10	30000000	31000000	10	34000000	35000000	1179	0.0	0.0
10	31000000	32000000	10	34000000	35000000	849	0.0	0.0
10	32000000	33000000	10	34000000	35000000	2358	0.0	0.0
10	33000000	34000000	10	34000000	35000000	22008	0.0	0.0
10	0	1000000	10	35000000	36000000	202	9.333370999999994e-247	1.0802249999999994e-244
10	1000000	2000000	10	35000000	36000000	161	1.9635739999999995e-174	1.7392079999999996e-172
10	2000000	3000000	10	35000000	36000000	147	2.0851009999999995e-147	1.6171919999999996e-145
10	3000000	4000000	10	35000000	36000000	404	0.0	0.0
10	4000000	5000000	10	35000000	36000000	393	0.0	0.0
10	5000000	6000000	10	35000000	36000000	496	0.0	0.0
10	6000000	7000000	10	35000000	36000000	441	0.0	0.0
10	7000000	8000000	10	35000000	36000000	201	1.2198579999999995e-195	1.1726489999999994e-193
10	8000000	9000000	10	35000000	36000000	422	0.0	0.0
10	9000000	10000000	10	35000000	36000000	163	3.940119999999998e-149	3.0799339999999994e-147
10	10000000	11000000	10	35000000	36000000	154	4.504158999999999e-133	3.266444999999999e-131
10	11000000	12000000	10	35000000	36000000	320	0.0	0.0
10	12000000	13000000	10	35000000	36000000	393	0.0	0.0
10	13000000	14000000	10	35000000	36000000	574	0.0	0.0
10	14000000	15000000	10	35000000	36000000	559	0.0	0.0
10	15000000	16000000	10	35000000	36000000	393	0.0	0.0
10	16000000	17000000	10	35000000	36000000	297	1.6150419999999991e-283	2.1024849999999986e-281
10	17000000	18000000	10	35000000	36000000	457	0.0	0.0
10	18000000	19000000	10	35000000	36000000	131	2.3580359999999997e-97	1.3645699999999998e-95
10	19000000	20000000	10	35000000	36000000	135	3.0719319999999994e-92	1.7169679999999997e-90
10	20000000	21000000	10	35000000	36000000	306	4.618557999999997e-282	5.979917999999996e-280
10	21000000	22000000	10	35000000	36000000	420	0.0	0.0
10	22000000	23000000	10	35000000	36000000	444	0.0	0.0
10	23000000	24000000	10	35000000	36000000	406	0.0	0.0
10	24000000	25000000	10	35000000	36000000	605	0.0	0.0
10	25000000	26000000	10	35000000	36000000	596	0.0	0.0
10	26000000	27000000	10	35000000	36000000	339	2.363805e-310	3.355156999999998e-308
10	27000000	28000000	10	35000000	36000000	960	0.0	0.0
10	28000000	29000000	10	35000000	36000000	695	0.0	0.0
10	29000000	30000000	10	35000000	36000000	855	0.0	0.0
10	30000000	31000000	10	35000000	36000000	1161	0.0	0.0
10	31000000	32000000	10	35000000	36000000	705	0.0	0.0
10	32000000	33000000	10	35000000	36000000	1516	0.0	0.0
10	33000000	34000000	10	35000000	36000000	3973	0.0	0.0
10	34000000	35000000	10	35000000	36000000	9482	0.0	0.0
10	0	1000000	10	36000000	37000000	237	0.0	0.0
10	1000000	2000000	10	36000000	37000000	199	1.4250619999999993e-250	1.670377999999999e-248
10	2000000	3000000	10	36000000	37000000	215	4.776596999999998e-267	5.915228999999997e-265
10	3000000	4000000	10	36000000	37000000	296	0.0	0.0
10	4000000	5000000	10	36000000	37000000	214	5.097031999999998e-229	5.537035999999996e-227
10	5000000	6000000	10	36000000	37000000	265	1.5351889999999992e-299	2.1137209999999986e-297
10	6000000	7000000	10	36000000	37000000	370	0.0	0.0
10	7000000	8000000	10	36000000	37000000	242	4.261600999999997e-267	5.280207999999998e-265
10	8000000	9000000	10	36000000	37000000	344	0.0	0.0
10	9000000	10000000	10	36000000	37000000	184	7.758965999999996e-191	7.355099999999997e-189
10	10000000	11000000	10	36000000	37000000	226	6.513687999999997e-247	7.542458999999997e-245
10	11000000	12000000	10	36000000	37000000	331	0.0	0.0
10	12000000	13000000	10	36000000	37000000	342	0.0	0.0
10	13000000	14000000	10	36000000	37000000	422	0.0	0.0
10	14000000	15000000	10	36000000	37000000	419	0.0	0.0
10	15000000	16000000	10	36000000	37000000	375	0.0	0.0
10	16000000	17000000	10	36000000	37000000	350	0.0	0.0
10	17000000	18000000	10	36000000	37000000	333	0.0	0.0
10	18000000	19000000	10	36000000	37000000	174	7.963182999999998e-161	6.628114999999998e-159
10	19000000	20000000	10	36000000	37000000	219	2.7933499999999986e-206	2.786152999999999e-204
10	20000000	21000000	10	36000000	37000000	323	0.0	0.0
10	21000000	22000000	10	36000000	37000000	395	0.0	0.0
10	22000000	23000000	10	36000000	37000000	411	0.0	0.0
10	23000000	24000000	10	36000000	37000000	449	0.0	0.0
10	24000000	25000000	10	36000000	37000000	635	0.0	0.0
10	25000000	26000000	10	36000000	37000000	624	0.0	0.0
10	26000000	27000000	10	36000000	37000000	542	0.0	0.0
10	27000000	28000000	10	36000000	37000000	796	0.0	0.0
10	28000000	29000000	10	36000000	37000000	701	0.0	0.0
10	29000000	30000000	10	36000000	37000000	661	0.0	0.0
10	30000000	31000000	10	36000000	37000000	746	0.0	0.0
10	31000000	32000000	10	36000000	37000000	639	0.0	0.0
10	32000000	33000000	10	36000000	37000000	920	0.0	0.0
10	33000000	34000000	10	36000000	37000000	1227	0.0	0.0
10	34000000	35000000	10	36000000	37000000	1412	0.0	0.0
10	35000000	36000000	10	36000000	37000000	10520	0.0	0.0
10	0	1000000	10	37000000	38000000	250	0.0	0.0
10	1000000	2000000	10	37000000	38000000	222	0.0	0.0
10	2000000	3000000	10	37000000	38000000	334	0.0	0.0
10	3000000	4000000	10	37000000	38000000	114	5.254398999999999e-114	3.4062049999999996e-112
10	4000000	5000000	10	37000000	38000000	68	1.8263470000000002e-53	7.333721999999998e-52
10	5000000	6000000	10	37000000	38000000	93	6.082544999999999e-82	3.1409789999999995e-80
10	6000000	7000000	10	37000000	38000000	183	1.2788689999999994e-203	1.2623969999999992e-201
10	7000000	8000000	10	37000000	38000000	252	1.86e-320	2.71282e-318
10	8000000	9000000	10	37000000	38000000	205	1.4443739999999992e-229	1.5726359999999992e-227
10	9000000	10000000	10	37000000	38000000	292	0.0	0.0
10	10000000	11000000	10	37000000	38000000	317	0.0	0.0
10	11000000	12000000	10	37000000	38000000	290	0.0	0.0
10	12000000	13000000	10	37000000	38000000	209	1.3622399999999996e-234	1.5156779999999993e-232
10	13000000	14000000	10	37000000	38000000	177	7.978296999999996e-174	7.048370999999999e-172
10	14000000	15000000	10	37000000	38000000	175	5.156427999999998e-172	4.513678999999999e-170
10	15000000	16000000	10	37000000	38000000	362	0.0	0.0
10	16000000	17000000	10	37000000	38000000	349	0.0	0.0
10	17000000	18000000	10	37000000	38000000	196	5.252076999999997e-207	5.260510999999998e-205
10	18000000	19000000	10	37000000	38000000	312	0.0	0.0
10	19000000	20000000	10	37000000	38000000	335	0.0	0.0
10	20000000	21000000	10	37000000	38000000	265	1.0316249999999996e-290	1.375210999999999e-288
10	21000000	22000000	10	37000000	38000000	229	9.988283999999997e-224	1.0618739999999996e-221
10	22000000	23000000	10	37000000	38000000	272	3.246469999999998e-287	4.291789999999997e-285
10	23000000	24000000	10	37000000	38000000	406	0.0	0.0
10	24000000	25000000	10	37000000	38000000	466	0.0	0.0
10	25000000	26000000	10	37000000	38000000	647	0.0	0.0
10	26000000	27000000	10	37000000	38000000	1035	0.0	0.0
10	27000000	28000000	10	37000000	38000000	488	0.0	0.0
10	28000000	29000000	10	37000000	38000000	469	0.0	0.0
10	29000000	30000000	10	37000000	38000000	407	0.0	0.0
10	30000000	31000000	10	37000000	38000000	258	3.175268999999999e-213	3.2807859999999985e-211
10	31000000	32000000	10	37000000	38000000	466	0.0	0.0
10	32000000	33000000	10	37000000	38000000	430	0.0	0.0
10	33000000	34000000	10	37000000	38000000	410	2.874220999999997e-309	4.053143999999997e-307
10	34000000	35000000	10	37000000	38000000	403	7.074308999999997e-243	8.078069999999994e-241
10	35000000	36000000	10	37000000	38000000	3536	0.0	0.0
10	36000000	37000000	10	37000000	38000000	6019	0.0	0.0
10	0	1000000	10	38000000	39000000	251	0.0	0.0
10	1000000	2000000	10	38000000	39000000	236	0.0	0.0
10	2000000	3000000	10	38000000	39000000	271	0.0	0.0
10	3000000	4000000	10	38000000	39000000	103	5.498271999999999e-112	3.525076999999999e-110
10	4000000	5000000	10	38000000	39000000	64	1.601153e-56	6.593485999999999e-55
10	5000000	6000000	10	38000000	39000000	89	2.359117e-87	1.2706939999999996e-85
10	6000000	7000000	10	38000000	39000000	238	8.2973e-320	1.208593e-317
10	7000000	8000000	10	38000000	39000000	204	1.1451439999999992e-270	1.430729999999999e-268
10	8000000	9000000	10	38000000	39000000	175	1.9481369999999996e-201	1.9119839999999994e-199
10	9000000	10000000	10	38000000	39000000	230	2.371761e-316	3.43586e-314
10	10000000	11000000	10	38000000	39000000	258	0.0	0.0
10	11000000	12000000	10	38000000	39000000	256	0.0	0.0
10	12000000	13000000	10	38000000	39000000	196	2.6156799999999986e-237	2.934904999999999e-235
10	13000000	14000000	10	38000000	39000000	160	2.933090999999999e-169	2.526741999999999e-167
10	14000000	15000000	10	38000000	39000000	147	2.4648039999999994e-149	1.9292259999999994e-147
10	15000000	16000000	10	38000000	39000000	319	0.0	0.0
10	16000000	17000000	10	38000000	39000000	254	1.279689e-315	1.847105e-313
10	17000000	18000000	10	38000000	39000000	166	2.410335999999999e-181	2.200183999999999e-179
10	18000000	19000000	10	38000000	39000000	249	0.0	0.0
10	19000000	20000000	10	38000000	39000000	232	1.580037999999999e-285	2.0750099999999987e-283
10	20000000	21000000	10	38000000	39000000	199	5.2152859999999975e-217	5.442739999999997e-215
10	21000000	22000000	10	38000000	39000000	177	1.0449599999999997e-173	9.224798999999998e-172
10	22000000	23000000	10	38000000	39000000	226	1.0809809999999995e-246	1.2498939999999994e-244
10	23000000	24000000	10	38000000	39000000	272	2.951033e-312	4.213698e-310
10	24000000	25000000	10	38000000	39000000	360	0.0	0.0
10	25000000	26000000	10	38000000	39000000	500	0.0	0.0
10	26000000	27000000	10	38000000	39000000	711	0.0	0.0
10	27000000	28000000	10	38000000	39000000	435	0.0	0.0
10	28000000	29000000	10	38000000	39000000	359	0.0	0.0
10	29000000	30000000	10	38000000	39000000	284	3.3932239999999983e-292	4.558961999999997e-290
10	30000000	31000000	10	38000000	39000000	212	3.0658479999999993e-185	2.849723999999999e-183
10	31000000	32000000	10	38000000	39000000	316	0.0	0.0
10	32000000	33000000	10	38000000	39000000	308	2.450600999999999e-298	3.3644069999999984e-296
10	33000000	34000000	10	38000000	39000000	223	7.547883999999997e-157	6.157995999999998e-155
10	34000000	35000000	10	38000000	39000000	209	1.3879829999999996e-123	9.533221999999998e-122
10	35000000	36000000	10	38000000	39000000	922	0.0	0.0
10	36000000	37000000	10	38000000	39000000	1161	0.0	0.0
10	37000000	38000000	10	38000000	39000000	4392	0.0	0.0
10	0	1000000	10	39000000	40000000	19	1.0	1.0
10	1000000	2000000	10	39000000	40000000	23	1.0	1.0
10	2000000	3000000	10	39000000	40000000	20	1.0	1.0
10	3000000	4000000	10	39000000	40000000	6	1.0	1.0
10	4000000	5000000	10	39000000	40000000	5	1.0	1.0
10	5000000	6000000	10	39000000	40000000	2	1.0	1.0
10	6000000	7000000	10	39000000	40000000	13	1.0	1.0
10	7000000	8000000	10	39000000	40000000	19	1.0	1.0
10	8000000	9000000	10	39000000	40000000	10	1.0	1.0
10	9000000	10000000	10	39000000	40000000	20	1.0	1.0
10	10000000	11000000	10	39000000	40000000	31	1.0	1.0
10	11000000	12000000	10	39000000	40000000	24	1.0	1.0
10	12000000	13000000	10	39000000	40000000	11	1.0	1.0
10	13000000	14000000	10	39000000	40000000	15	1.0	1.0
10	14000000	15000000	10	39000000	40000000	8	1.0	1.0
10	15000000	16000000	10	39000000	40000000	17	1.0	1.0
10	16000000	17000000	10	39000000	40000000	21	1.0	1.0
10	17000000	18000000	10	39000000	40000000	18	1.0	1.0
10	18000000	19000000	10	39000000	40000000	16	1.0	1.0
10	19000000	20000000	10	39000000	40000000	21	1.0	1.0
10	20000000	21000000	10	39000000	40000000	15	1.0	1.0
10	21000000	22000000	10	39000000	40000000	12	1.0	1.0
10	22000000	23000000	10	39000000	40000000	16	1.0	1.0
10	23000000	24000000	10	39000000	40000000	28	1.0	1.0
10	24000000	25000000	10	39000000	40000000	16	1.0	1.0
10	25000000	26000000	10	39000000	40000000	43	1.0	1.0
10	26000000	27000000	10	39000000	40000000	60	1.0	1.0
10	27000000	28000000	10	39000000	40000000	37	1.0	1.0
10	28000000	29000000	10	39000000	40000000	27	1.0	1.0
10	29000000	30000000	10	39000000	40000000	22	1.0	1.0
10	30000000	31000000	10	39000000	40000000	6	1.0	1.0
10	31000000	32000000	10	39000000	40000000	23	1.0	1.0
10	32000000	33000000	10	39000000	40000000	15	1.0	1.0
10	33000000	34000000	10	39000000	40000000	12	1.0	1.0
10	34000000	35000000	10	39000000	40000000	10	1.0	1.0
10	35000000	36000000	10	39000000	40000000	40	1.0	1.0
10	36000000	37000000	10	39000000	40000000	53	1.0	1.0
10	37000000	38000000	10	39000000	40000000	230	1.0	1.0
10	38000000	39000000	10	39000000	40000000	295	1.0	1.0
10	0	1000000	10	42000000	43000000	65	1.0	1.0
10	1000000	2000000	10	42000000	43000000	53	1.0	1.0
10	2000000	3000000	10	42000000	43000000	60	1.0	1.0
10	3000000	4000000	10	42000000	43000000	26	1.0	1.0
10	4000000	5000000	10	42000000	43000000	23	1.0	1.0
10	5000000	6000000	10	42000000	43000000	16	1.0	1.0
10	6000000	7000000	10	42000000	43000000	38	1.0	1.0
10	7000000	8000000	10	42000000	43000000	49	1.0	1.0
10	8000000	9000000	10	42000000	43000000	32	1.0	1.0
10	9000000	10000000	10	42000000	43000000	59	1.0	1.0
10	10000000	11000000	10	42000000	43000000	44	1.0	1.0
10	11000000	12000000	10	42000000	43000000	40	1.0	1.0
10	12000000	13000000	10	42000000	43000000	33	1.0	1.0
10	13000000	14000000	10	42000000	43000000	35	1.0	1.0
10	14000000	15000000	10	42000000	43000000	33	1.0	1.0
10	15000000	16000000	10	42000000	43000000	46	1.0	1.0
10	16000000	17000000	10	42000000	43000000	44	1.0	1.0
10	17000000	18000000	10	42000000	43000000	28	1.0	1.0
10	18000000	19000000	10	42000000	43000000	52	1.0	1.0
10	19000000	20000000	10	42000000	43000000	44	1.0	1.0
10	20000000	21000000	10	42000000	43000000	40	1.0	1.0
10	21000000	22000000	10	42000000	43000000	21	1.0	1.0
10	22000000	23000000	10	42000000	43000000	33	1.0	1.0
10	23000000	24000000	10	42000000	43000000	41	1.0	1.0
10	24000000	25000000	10	42000000	43000000	53	1.0	1.0
10	25000000	26000000	10	42000000	43000000	71	1.0	1.0
10	26000000	27000000	10	42000000	43000000	90	1.0	1.0
10	27000000	28000000	10	42000000	43000000	51	1.0	1.0
10	28000000	29000000	10	42000000	43000000	57	1.0	1.0
10	29000000	30000000	10	42000000	43000000	52	1.0	1.0
10	30000000	31000000	10	42000000	43000000	25	1.0	1.0
10	31000000	32000000	10	42000000	43000000	34	1.0	1.0
10	32000000	33000000	10	42000000	43000000	36	1.0	1.0
10	33000000	34000000	10	42000000	43000000	30	1.0	1.0
10	34000000	35000000	10	42000000	43000000	27	1.0	1.0
10	35000000	36000000	10	42000000	43000000	55	1.0	1.0
10	36000000	37000000	10	42000000	43000000	91	1.0	1.0
10	37000000	38000000	10	42000000	43000000	155	1.0	1.0
10	38000000	39000000	10	42000000	43000000	152	1.0	1.0
10	39000000	40000000	10	42000000	43000000	19	1.0	1.0
10	0	1000000	10	43000000	44000000	224	1.315606e-309	1.860721999999999e-307
10	1000000	2000000	10	43000000	44000000	174	3.1132219999999983e-220	3.284875999999998e-218
10	2000000	3000000	10	43000000	44000000	129	1.8523909999999995e-145	1.4242179999999996e-143
10	3000000	4000000	10	43000000	44000000	167	8.758676999999997e-184	8.087742999999998e-182
10	4000000	5000000	10	43000000	44000000	109	5.949071999999998e-103	3.5841919999999995e-101
10	5000000	6000000	10	43000000	44000000	154	1.3718619999999996e-166	1.1691559999999995e-164
10	6000000	7000000	10	43000000	44000000	231	5.760253999999997e-284	7.523382999999996e-282
10	7000000	8000000	10	43000000	44000000	160	5.3166089999999985e-183	4.892323999999998e-181
10	8000000	9000000	10	43000000	44000000	160	2.3416569999999993e-167	2.0042349999999993e-165
10	9000000	10000000	10	43000000	44000000	118	5.448476999999999e-118	3.614407999999999e-116
10	10000000	11000000	10	43000000	44000000	132	6.237515999999998e-133	4.518000999999999e-131
10	11000000	12000000	10	43000000	44000000	183	1.7490359999999993e-190	1.6566809999999995e-188
10	12000000	13000000	10	43000000	44000000	219	8.353522999999995e-240	9.461899999999996e-238
10	13000000	14000000	10	43000000	44000000	215	4.105596999999998e-213	4.2401959999999985e-211
10	14000000	15000000	10	43000000	44000000	164	7.161729999999998e-147	5.542000999999998e-145
10	15000000	16000000	10	43000000	44000000	199	2.7532549999999986e-200	2.686706999999999e-198
10	16000000	17000000	10	43000000	44000000	201	4.849531999999998e-203	4.771295999999997e-201
10	17000000	18000000	10	43000000	44000000	201	1.7466689999999994e-207	1.7553619999999992e-205
10	18000000	19000000	10	43000000	44000000	122	7.368928e-111	4.684170999999999e-109
10	19000000	20000000	10	43000000	44000000	115	1.4485579999999997e-92	8.119097999999999e-91
10	20000000	21000000	10	43000000	44000000	175	3.949718999999999e-156	3.208162999999999e-154
10	21000000	22000000	10	43000000	44000000	165	1.3339879999999995e-132	9.653655999999998e-131
10	22000000	23000000	10	43000000	44000000	192	1.3690169999999997e-167	1.1734299999999996e-165
10	23000000	24000000	10	43000000	44000000	229	2.2611529999999985e-213	2.3393289999999985e-211
10	24000000	25000000	10	43000000	44000000	278	7.132190999999996e-266	8.786792999999995e-264
10	25000000	26000000	10	43000000	44000000	281	1.3119179999999994e-280	1.6931119999999992e-278
10	26000000	27000000	10	43000000	44000000	206	9.401106999999997e-196	9.040919999999996e-194
10	27000000	28000000	10	43000000	44000000	332	0.0	0.0
10	28000000	29000000	10	43000000	44000000	280	1.0322239999999994e-260	1.2516789999999994e-258
10	29000000	30000000	10	43000000	44000000	266	6.176220999999997e-238	6.9430309999999955e-236
10	30000000	31000000	10	43000000	44000000	220	2.4570279999999992e-173	2.166637999999999e-171
10	31000000	32000000	10	43000000	44000000	185	9.047368999999997e-139	6.751835999999997e-137
10	32000000	33000000	10	43000000	44000000	227	7.388336999999997e-178	6.632649999999999e-176
10	33000000	34000000	10	43000000	44000000	240	3.263258999999999e-172	2.858587999999999e-170
10	34000000	35000000	10	43000000	44000000	247	5.131183999999998e-176	4.577118999999999e-174
10	35000000	36000000	10	43000000	44000000	424	0.0	0.0
10	36000000	37000000	10	43000000	44000000	455	0.0	0.0
10	37000000	38000000	10	43000000	44000000	299	4.7836849999999985e-261	5.809562999999997e-259
10	38000000	39000000	10	43000000	44000000	319	4.774203999999998e-293	6.439729999999997e-291
10	39000000	40000000	10	43000000	44000000	18	1.0	1.0
10	42000000	43000000	10	43000000	44000000	2459	1.0	1.0
10	0	1000000	10	44000000	45000000	113	3.8790439999999994e-137	2.868847e-135
10	1000000	2000000	10	44000000	45000000	108	7.311108999999998e-128	5.1625769999999984e-126
10	2000000	3000000	10	44000000	45000000	138	4.542196999999999e-175	4.038159999999999e-173
10	3000000	4000000	10	44000000	45000000	55	1.309231e-42	4.747314e-41
10	4000000	5000000	10	44000000	45000000	40	5.4880889999999996e-27	1.750349e-25
10	5000000	6000000	10	44000000	45000000	42	5.485391999999999e-29	1.776769e-27
10	6000000	7000000	10	44000000	45000000	99	3.8975719999999994e-99	2.2932599999999997e-97
10	7000000	8000000	10	44000000	45000000	100	2.608567999999999e-107	1.6236129999999995e-105
10	8000000	9000000	10	44000000	45000000	69	4.375494e-59	1.8421419999999997e-57
10	9000000	10000000	10	44000000	45000000	80	3.1983649999999996e-79	1.6074799999999998e-77
10	10000000	11000000	10	44000000	45000000	100	1.3018469999999996e-103	7.877131999999999e-102
10	11000000	12000000	10	44000000	45000000	106	1.9150299999999992e-101	1.1439559999999997e-99
10	12000000	13000000	10	44000000	45000000	103	1.4339859999999996e-95	8.193133999999999e-94
10	13000000	14000000	10	44000000	45000000	84	4.851349e-65	2.1605239999999995e-63
10	14000000	15000000	10	44000000	45000000	91	1.7084429999999997e-70	7.953965999999997e-69
10	15000000	16000000	10	44000000	45000000	132	1.1008679999999996e-125	7.669251999999999e-124
10	16000000	17000000	10	44000000	45000000	129	1.3610289999999995e-121	9.233929999999998e-120
10	17000000	18000000	10	44000000	45000000	60	2.767275999999999e-41	9.909388e-40
10	18000000	19000000	10	44000000	45000000	102	1.1194859999999998e-98	6.549748999999999e-97
10	19000000	20000000	10	44000000	45000000	91	7.008223e-77	3.4625549999999993e-75
10	20000000	21000000	10	44000000	45000000	96	2.3935059999999996e-74	1.1562549999999998e-72
10	21000000	22000000	10	44000000	45000000	74	3.0181739999999996e-46	1.1348819999999999e-44
10	22000000	23000000	10	44000000	45000000	78	1.5243889999999998e-50	5.948229999999999e-49
10	23000000	24000000	10	44000000	45000000	108	2.802934e-81	1.438705e-79
10	24000000	25000000	10	44000000	45000000	113	4.266129999999999e-83	2.226094e-81
10	25000000	26000000	10	44000000	45000000	188	8.037826999999997e-179	7.248395999999998e-177
10	26000000	27000000	10	44000000	45000000	212	4.0594909999999974e-231	4.4463249999999976e-229
10	27000000	28000000	10	44000000	45000000	142	1.0194179999999997e-114	6.621034999999998e-113
10	28000000	29000000	10	44000000	45000000	107	1.9587829999999998e-72	9.313694999999999e-71
10	29000000	30000000	10	44000000	45000000	132	3.5010919999999996e-98	2.0403789999999996e-96
10	30000000	31000000	10	44000000	45000000	74	9.491369e-37	3.265159e-35
10	31000000	32000000	10	44000000	45000000	99	5.030926999999999e-62	2.1801879999999997e-60
10	32000000	33000000	10	44000000	45000000	85	5.2327359999999995e-47	1.981315e-45
10	33000000	34000000	10	44000000	45000000	74	1.4512049999999998e-30	4.752135e-29
10	34000000	35000000	10	44000000	45000000	69	6.232735e-26	1.974661e-24
10	35000000	36000000	10	44000000	45000000	134	1.9957799999999996e-77	9.899459999999999e-76
10	36000000	37000000	10	44000000	45000000	184	1.329164e-134	9.724795999999997e-133
10	37000000	38000000	10	44000000	45000000	273	1.580045999999999e-273	1.9949579999999984e-271
10	38000000	39000000	10	44000000	45000000	204	3.752441999999998e-188	3.5277239999999986e-186
10	39000000	40000000	10	44000000	45000000	23	1.0	1.0
10	42000000	43000000	10	44000000	45000000	661	1.0	1.0
10	43000000	44000000	10	44000000	45000000	3475	0.0	0.0
10	0	1000000	10	45000000	46000000	131	7.694297999999998e-154	6.174124999999998e-152
10	1000000	2000000	10	45000000	46000000	109	1.1911419999999997e-118	7.941488999999997e-117
10	2000000	3000000	10	45000000	46000000	119	6.132744999999998e-132	4.417998999999999e-130
10	3000000	4000000	10	45000000	46000000	98	3.2401189999999995e-88	1.757116e-86
10	4000000	5000000	10	45000000	46000000	51	4.199978e-34	1.4178959999999998e-32
10	5000000	6000000	10	45000000	46000000	84	9.828753999999998e-72	4.6383289999999994e-70
10	6000000	7000000	10	45000000	46000000	123	8.667029999999998e-122	5.8885269999999984e-120
10	7000000	8000000	10	45000000	46000000	101	2.4621849999999995e-99	1.4515649999999997e-97
10	8000000	9000000	10	45000000	46000000	117	7.061701999999999e-114	4.574078999999999e-112
10	9000000	10000000	10	45000000	46000000	74	3.174653999999999e-66	1.4233689999999998e-64
10	10000000	11000000	10	45000000	46000000	102	7.168991e-100	4.2421359999999985e-98
10	11000000	12000000	10	45000000	46000000	118	8.455042999999997e-110	5.332011999999999e-108
10	12000000	13000000	10	45000000	46000000	135	6.254252999999998e-130	4.463801999999998e-128
10	13000000	14000000	10	45000000	46000000	126	1.50086e-108	9.392975999999998e-107
10	14000000	15000000	10	45000000	46000000	141	3.199735999999999e-126	2.2343249999999992e-124
10	15000000	16000000	10	45000000	46000000	152	1.1579259999999997e-138	8.635927999999996e-137
10	16000000	17000000	10	45000000	46000000	126	2.1339069999999997e-105	1.3087389999999995e-103
10	17000000	18000000	10	45000000	46000000	102	5.136364999999998e-81	2.6279509999999993e-79
10	18000000	19000000	10	45000000	46000000	79	2.0099329999999995e-62	8.742513999999999e-61
10	19000000	20000000	10	45000000	46000000	80	1.645759e-57	6.837285999999999e-56
10	20000000	21000000	10	45000000	46000000	107	1.6745179999999994e-79	8.444457999999998e-78
10	21000000	22000000	10	45000000	46000000	112	5.931059999999999e-78	2.9523429999999997e-76
10	22000000	23000000	10	45000000	46000000	123	6.242242999999999e-92	3.4799669999999995e-90
10	23000000	24000000	10	45000000	46000000	160	2.903758999999999e-132	2.0956449999999996e-130
10	24000000	25000000	10	45000000	46000000	210	1.5347049999999994e-187	1.4399639999999994e-185
10	25000000	26000000	10	45000000	46000000	163	1.9764419999999995e-134	1.4434069999999996e-132
10	26000000	27000000	10	45000000	46000000	163	3.960140999999999e-145	3.0379259999999992e-143
10	27000000	28000000	10	45000000	46000000	170	7.883140999999999e-136	5.797869999999999e-134
10	28000000	29000000	10	45000000	46000000	191	5.0173209999999984e-157	4.097615999999998e-155
10	29000000	30000000	10	45000000	46000000	203	2.358367999999999e-169	2.0331069999999994e-167
10	30000000	31000000	10	45000000	46000000	163	1.4231929999999998e-116	9.342580999999998e-115
10	31000000	32000000	10	45000000	46000000	152	6.5209749999999995e-108	4.066170999999999e-106
10	32000000	33000000	10	45000000	46000000	168	5.182384999999998e-122	3.5260139999999986e-120
10	33000000	34000000	10	45000000	46000000	136	2.3549279999999997e-78	1.1756579999999998e-76
10	34000000	35000000	10	45000000	46000000	183	6.3670439999999975e-121	4.2989779999999985e-119
10	35000000	36000000	10	45000000	46000000	256	2.0433979999999992e-194	1.958800999999999e-192
10	36000000	37000000	10	45000000	46000000	296	8.496035999999996e-250	9.943941999999996e-248
10	37000000	38000000	10	45000000	46000000	197	5.881230999999998e-159	4.842902999999999e-157
10	38000000	39000000	10	45000000	46000000	174	4.568505999999998e-142	3.4579799999999994e-140
10	39000000	40000000	10	45000000	46000000	23	1.0	1.0
10	42000000	43000000	10	45000000	46000000	378	1.0	1.0
10	43000000	44000000	10	45000000	46000000	2401	0.0	0.0
10	44000000	45000000	10	45000000	46000000	7155	0.0	0.0
10	0	1000000	10	46000000	47000000	30	1.0	1.0
10	1000000	2000000	10	46000000	47000000	22	1.0	1.0
10	2000000	3000000	10	46000000	47000000	16	1.0	1.0
10	3000000	4000000	10	46000000	47000000	38	1.0	1.0
10	4000000	5000000	10	46000000	47000000	29	1.0	1.0
10	5000000	6000000	10	46000000	47000000	46	1.0	1.0
10	6000000	7000000	10	46000000	47000000	50	1.0	1.0
10	7000000	8000000	10	46000000	47000000	24	1.0	1.0
10	8000000	9000000	10	46000000	47000000	32	1.0	1.0
10	9000000	10000000	10	46000000	47000000	19	1.0	1.0
10	10000000	11000000	10	46000000	47000000	28	1.0	1.0
10	11000000	12000000	10	46000000	47000000	26	1.0	1.0
10	12000000	13000000	10	46000000	47000000	41	1.0	1.0
10	13000000	14000000	10	46000000	47000000	65	1.0	1.0
10	14000000	15000000	10	46000000	47000000	44	1.0	1.0
10	15000000	16000000	10	46000000	47000000	31	1.0	1.0
10	16000000	17000000	10	46000000	47000000	34	1.0	1.0
10	17000000	18000000	10	46000000	47000000	31	1.0	1.0
10	18000000	19000000	10	46000000	47000000	13	1.0	1.0
10	19000000	20000000	10	46000000	47000000	18	1.0	1.0
10	20000000	21000000	10	46000000	47000000	35	1.0	1.0
10	21000000	22000000	10	46000000	47000000	54	1.0	1.0
10	22000000	23000000	10	46000000	47000000	44	1.0	1.0
10	23000000	24000000	10	46000000	47000000	45	1.0	1.0
10	24000000	25000000	10	46000000	47000000	53	1.0	1.0
10	25000000	26000000	10	46000000	47000000	45	1.0	1.0
10	26000000	27000000	10	46000000	47000000	37	1.0	1.0
10	27000000	28000000	10	46000000	47000000	74	1.0	1.0
10	28000000	29000000	10	46000000	47000000	59	1.0	1.0
10	29000000	30000000	10	46000000	47000000	74	1.0	1.0
10	30000000	31000000	10	46000000	47000000	84	1.0	1.0
10	31000000	32000000	10	46000000	47000000	58	1.0	1.0
10	32000000	33000000	10	46000000	47000000	73	1.0	1.0
10	33000000	34000000	10	46000000	47000000	91	1.0	1.0
10	34000000	35000000	10	46000000	47000000	92	1.0	1.0
10	35000000	36000000	10	46000000	47000000	104	1.0	1.0
10	36000000	37000000	10	46000000	47000000	81	1.0	1.0
10	37000000	38000000	10	46000000	47000000	41	1.0	1.0
10	38000000	39000000	10	46000000	47000000	36	1.0	1.0
10	39000000	40000000	10	46000000	47000000	4	1.0	1.0
10	42000000	43000000	10	46000000	47000000	48	1.0	1.0
10	43000000	44000000	10	46000000	47000000	363	1.0	1.0
10	44000000	45000000	10	46000000	47000000	364	1.0	1.0
10	45000000	46000000	10	46000000	47000000	3615	1.0	1.0
10	0	1000000	10	47000000	48000000	36	1.815807e-29	5.899161e-28
10	1000000	2000000	10	47000000	48000000	27	5.462530000000001e-19	1.6511520000000003e-17
10	2000000	3000000	10	47000000	48000000	20	7.693122e-12	2.231641e-10
10	3000000	4000000	10	47000000	48000000	79	1.8961089999999997e-75	9.238182999999998e-74
10	4000000	5000000	10	47000000	48000000	75	2.6476619999999994e-71	1.2443079999999997e-69
10	5000000	6000000	10	47000000	48000000	99	8.367534999999998e-105	5.100438999999999e-103
10	6000000	7000000	10	47000000	48000000	65	3.7872999999999995e-57	1.569335e-55
10	7000000	8000000	10	47000000	48000000	25	3.4024299999999996e-15	1.003064e-13
10	8000000	9000000	10	47000000	48000000	53	6.510647e-43	2.3679699999999997e-41
